new_node_id,final_name,node_ids_consolidated,original_names_consolidated
1,abalone,[1],['abalone']
2,abalone_mushroom,[2],['abalone_mushroom']
3,absinthe,[3],['absinthe']
4,acacia,[4],['acacia']
5,acai,[5],['acai']
6,acerola,[6],['acerola']
7,achiote_paste,[7],['achiote_paste']
8,acorn,[8],['acorn']
9,acorn_squash,[9],['acorn_squash']
10,activated_charcoal_powder,[10],['activated_charcoal_powder']
11,adjika,[11],['adjika']
12,adobo_sauce,[12],['adobo_sauce']
13,adobo_seasoning,[13],['adobo_seasoning']
14,advocaat,[14],['advocaat']
15,agar,[15],['agar']
16,agati_flower,[16],['agati_flower']
17,agave_syrup,[17],['agave_syrup']
18,aguardiente,[18],['aguardiente']
19,aji_amarillo,[19],['aji_amarillo']
20,aji_panca,[20],['aji_panca']
21,ajvar,[21],['ajvar']
22,ajwain,[22],['ajwain']
23,alcaparrado,[23],['alcaparrado']
24,aleppo_pepper,[24],['aleppo_pepper']
25,alfalfa_sprout,[25],['alfalfa_sprout']
26,alfredo_sauce,[26],['alfredo_sauce']
27,alligator,[27],['alligator']
28,allspice,[28],['allspice']
29,allulose,[29],['allulose']
30,almond,[30],['almond']
31,almond_butter,[31],['almond_butter']
32,almond_milk,[32],['almond_milk']
33,almond_paste,[33],['almond_paste']
34,almond_tofu,[34],['almond_tofu']
35,aloe_vera,[35],['aloe_vera']
36,alum,[36],['alum']
37,amaranth,[37],['amaranth']
38,amaretti_cookie,[38],['amaretti_cookie']
39,amaretto,[39],['amaretto']
40,amaro,[40],['amaro']
41,amazake,[41],['amazake']
42,amberjack,[42],['amberjack']
43,amchur,[43],['amchur']
44,american_cheese,[44],['american_cheese']
45,anaheim_chile,[45],['anaheim_chile']
46,anardana_powder,[46],['anardana_powder']
47,ancho_chile,[47],['ancho_chile']
48,anchovy,[48],['anchovy']
49,andouille_sausage,[49],['andouille_sausage']
50,angelica_root,[50],['angelica_root']
51,anise,[51],['anise']
52,anisette,[52],['anisette']
53,annatto_seed,[53],['annatto_seed']
54,aonori,[54],['aonori']
55,apple,[55],['apple']
56,apple_brandy,[56],['apple_brandy']
57,apple_cider,[57],['apple_cider']
58,apple_cider_vinegar,[58],['apple_cider_vinegar']
59,apple_pie_spice,[59],['apple_pie_spice']
60,applewood_chip,[60],['applewood_chip']
61,apricot,[61],['apricot']
62,apricot_brandy,[62],['apricot_brandy']
63,aquafaba,[63],['aquafaba']
64,aquavit,[64],['aquavit']
65,arame,[65],['arame']
66,arctic_char,[66],['arctic_char']
67,arepa,[67],['arepa']
68,argan_oil,[68],['argan_oil']
69,armagnac,[69],['armagnac']
70,aronia_berry,[70],['aronia_berry']
71,arrowhead,[71],['arrowhead']
72,arrowroot,[72],['arrowroot']
73,artichoke,[73],['artichoke']
74,arugula,[74],['arugula']
75,asafoetida,[75],['asafoetida']
76,asam_gelugur,[76],['asam_gelugur']
77,ascorbic_acid,[77],['ascorbic_acid']
78,asiago_cheese,[78],['asiago_cheese']
79,asian_pear,[79],['asian_pear']
80,asparagus,[80],['asparagus']
81,astragalus_root,[81],['astragalus_root']
82,avocado,[82],['avocado']
83,avocado_oil,[83],['avocado_oil']
84,ayran,[84],['ayran']
85,bacon,[85],['bacon']
86,bagel,[86],['bagel']
87,baharat,[87],['baharat']
88,bai_ji_mo,[88],['bai_ji_mo']
89,baijiu,[89],['baijiu']
90,bak_kut_teh_spice,[90],['bak_kut_teh_spice']
91,baked_beans,[91],['baked_beans']
92,bakers_ammonia,[92],['bakers_ammonia']
93,baking_powder,[93],['baking_powder']
94,baking_soda,[94],['baking_soda']
95,balado_seasoning,[95],['balado_seasoning']
96,balsamic_vinegar,[96],['balsamic_vinegar']
97,balut,[97],['balut']
98,balyk,[98],['balyk']
99,bamboo_leaf,[99],['bamboo_leaf']
100,bamboo_pith_mushroom,[100],['bamboo_pith_mushroom']
101,bamboo_salt,[101],['bamboo_salt']
102,bamboo_shoot,[102],['bamboo_shoot']
103,banana,[103],['banana']
104,banana_blossom,[104],['banana_blossom']
105,banana_leaf,[105],['banana_leaf']
106,banana_pepper,[106],['banana_pepper']
107,barbecue_sauce,[107],['barbecue_sauce']
108,barbecue_seasoning,[108],['barbecue_seasoning']
109,barberry,[109],['barberry']
110,barley,[110],['barley']
111,barley_grass,[111],['barley_grass']
112,barramundi,[112],['barramundi']
113,basa,[113],['basa']
114,basil,[114],['basil']
115,basil_seed,[115],['basil_seed']
116,basmati_rice,[116],['basmati_rice']
117,batang_fish,[117],['batang_fish']
118,bay_leaf,[118],['bay_leaf']
119,bean,[119],['bean']
120,bean_sprout,[120],['bean_sprout']
121,bear_meat,[121],['bear_meat']
122,bearnaise_sauce,[122],['bearnaise_sauce']
123,bechamel,[123],['bechamel']
124,bee_pollen,[124],['bee_pollen']
125,beef,[125],['beef']
126,beer,[126],['beer']
127,beet,[127],['beet']
128,bel_paese_cheese,[128],['bel_paese_cheese']
129,bell_pepper,[129],['bell_pepper']
130,bellflower_root,[130],['bellflower_root']
131,benedictine,[131],['benedictine']
132,berbere,[132],['berbere']
133,bergamot,[133],['bergamot']
134,berry,[134],['berry']
135,bilimbi,[135],['bilimbi']
136,birds_eye_chili,[136],['birds_eye_chili']
137,birds_nest,[137],['birds_nest']
138,biryani_masala,[138],['biryani_masala']
139,biscotti,[139],['biscotti']
140,biscuit,[140],['biscuit']
141,bison,[141],['bison']
142,bitter_almond,[142],['bitter_almond']
143,bitter_green,[143],['bitter_green']
144,bitter_melon,[144],['bitter_melon']
145,bitter_orange,[145],['bitter_orange']
146,bittern,[146],['bittern']
147,bitters,[147],['bitters']
148,black_bean,[148],['black_bean']
149,black_bean_paste,[149],['black_bean_paste']
150,black_currant,[150],['black_currant']
151,black_eyed_pea,[151],['black_eyed_pea']
152,black_garlic,[152],['black_garlic']
153,black_olive,[153],['black_olive']
154,black_pepper,[154],['black_pepper']
155,black_rice,[155],['black_rice']
156,black_salt,[156],['black_salt']
157,black_sesame_seed,[157],['black_sesame_seed']
158,black_tea,[158],['black_tea']
159,black_treacle,[159],['black_treacle']
160,black_truffle,[160],['black_truffle']
161,black_vinegar,[161],['black_vinegar']
162,blackberry,[162],['blackberry']
163,blackening_seasoning,[163],['blackening_seasoning']
164,blood_orange,[164],['blood_orange']
165,blood_sausage,[165],['blood_sausage']
166,blood_tofu,[166],['blood_tofu']
167,bloody_mary_mix,[167],['bloody_mary_mix']
168,blue_cheese,[168],['blue_cheese']
169,blue_curacao,[169],['blue_curacao']
170,blueberry,[170],['blueberry']
171,bluefish,[171],['bluefish']
172,bok_choy,[172],['bok_choy']
173,bolillo,[173],['bolillo']
174,bolognese_sauce,[174],['bolognese_sauce']
175,bombay_duck_fish,[175],['bombay_duck_fish']
176,bone,[176],['bone']
177,bone_marrow,[177],['bone_marrow']
178,bonito,[178],['bonito']
179,bonito_flakes,[179],['bonito_flakes']
180,borage,[180],['borage']
181,borlotti_bean,[181],['borlotti_bean']
182,bottarga,[182],['bottarga']
183,bottle_gourd,[183],['bottle_gourd']
184,bouquet_garni,[184],['bouquet_garni']
185,bourbon,[185],['bourbon']
186,boursin_cheese,[186],['boursin_cheese']
187,boysenberry,[187],['boysenberry']
188,braising_liquid,[188],['braising_liquid']
189,bran,[189],['bran']
190,brandy,[190],['brandy']
191,branzino,[191],['branzino']
192,bratwurst,[192],['bratwurst']
193,braunschweiger,[193],['braunschweiger']
194,brazil_nut,[194],['brazil_nut']
195,bread,[195],['bread']
196,bread_crumbs,[196],['bread_crumbs']
197,breadfruit,[197],['breadfruit']
198,bream,[198],['bream']
199,bresaola,[199],['bresaola']
200,brewers_yeast,[200],['brewers_yeast']
201,brick_cheese,[201],['brick_cheese']
202,brick_tea,[202],['brick_tea']
203,brie_cheese,[203],['brie_cheese']
204,brine,[204],['brine']
205,brioche,[205],['brioche']
206,broccoli,[206],['broccoli']
207,broccoli_rabe,[207],['broccoli_rabe']
208,broccolini,[208],['broccolini']
209,broth,[209],['broth']
210,brown_rice,[210],['brown_rice']
211,brown_sauce,[211],['brown_sauce']
212,brown_sugar,[212],['brown_sugar']
213,browning_sauce,[213],['browning_sauce']
214,brussels_sprout,[214],['brussels_sprout']
215,bryndza,[215],['bryndza']
216,buckwheat,[216],['buckwheat']
217,budae_jjigae_base,[217],['budae_jjigae_base']
218,buffalo_meat,[218],['buffalo_meat']
219,buffalo_milk,[219],['buffalo_milk']
220,buffalo_wing_sauce,[220],['buffalo_wing_sauce']
221,buldak_sauce,[221],['buldak_sauce']
222,bulgogi,[222],['bulgogi']
223,bulgur,[223],['bulgur']
224,burdock_root,[224],['burdock_root']
225,burrata,[225],['burrata']
226,butifarra,[226],['butifarra']
227,butter,[227],['butter']
228,buttercream,[228],['buttercream']
229,butterfish,[229],['butterfish']
230,butterfly_pea_flower,[230],['butterfly_pea_flower']
231,buttermilk,[231],['buttermilk']
232,butternut_squash,[232],['butternut_squash']
233,butterscotch,[233],['butterscotch']
234,cabbage,[234],['cabbage']
235,cacao,[235],['cacao']
236,cachaca,[236],['cachaca']
237,caciocavallo,[237],['caciocavallo']
238,caesar_dressing,[238],['caesar_dressing']
239,cajeta,[239],['cajeta']
240,cajun_seasoning,[240],['cajun_seasoning']
241,calabrian_chili,[241],['calabrian_chili']
242,calamansi,[242],['calamansi']
243,calcium_chloride,[243],['calcium_chloride']
244,calendula,[244],['calendula']
245,calpis,[245],['calpis']
246,calvados,[246],['calvados']
247,camellia_oil,[247],['camellia_oil']
248,camembert_cheese,[248],['camembert_cheese']
249,campari,[249],['campari']
250,canadian_bacon,[250],['canadian_bacon']
251,candied_fruit,[251],['candied_fruit']
252,candlenut,[252],['candlenut']
253,candy,[253],['candy']
254,candy_coating,[254],['candy_coating']
255,cane_syrup,[255],['cane_syrup']
256,cane_vinegar,[256],['cane_vinegar']
257,cannellini_bean,[257],['cannellini_bean']
258,cannoli_shell,[258],['cannoli_shell']
259,canola_oil,[259],['canola_oil']
260,cantal_cheese,[260],['cantal_cheese']
261,cantaloupe,[261],['cantaloupe']
262,cape_gooseberry,[262],['cape_gooseberry']
263,capelin,[263],['capelin']
264,caper,[264],['caper']
265,caperberry,[265],['caperberry']
266,capicola,[266],['capicola']
267,capon,[267],['capon']
268,caramel,[268],['caramel']
269,caraway_seed,[269],['caraway_seed']
270,cardamom,[270],['cardamom']
271,cardoon,[271],['cardoon']
272,carob,[272],['carob']
273,carob_molasses,[273],['carob_molasses']
274,carp,[274],['carp']
275,carrageenan,[275],['carrageenan']
276,carrot,[276],['carrot']
277,carrot_top,[277],['carrot_top']
278,cartilage,[278],['cartilage']
279,cascabel_chile,[279],['cascabel_chile']
280,cashew,[280],['cashew']
281,cassava,[281],['cassava']
282,catfish,[282],['catfish']
283,catnip,[283],['catnip']
284,cattail,[284],['cattail']
285,caul_fat,[285],['caul_fat']
286,cauliflower,[286],['cauliflower']
287,cava,[287],['cava']
288,caviar,[288],['caviar']
289,cayenne_pepper,[289],['cayenne_pepper']
290,celeriac,[290],['celeriac']
291,celery,[291],['celery']
292,celery_seed,[292],['celery_seed']
293,celtuce,[293],['celtuce']
294,century_egg,[294],['century_egg']
295,cereal,[295],['cereal']
296,chaat_masala,[296],['chaat_masala']
297,chai_spice,[297],['chai_spice']
298,chamomile,[298],['chamomile']
299,champagne,[299],['champagne']
300,champagne_vinegar,[300],['champagne_vinegar']
301,chana_dal,[301],['chana_dal']
302,chanterelle_mushroom,[302],['chanterelle_mushroom']
303,chaozhou_salted_vegetable,[303],['chaozhou_salted_vegetable']
304,char_siu_pork,[304],['char_siu_pork']
305,char_siu_sauce,[305],['char_siu_sauce']
306,chartreuse,[306],['chartreuse']
307,chayote,[307],['chayote']
308,cheddar_cheese,[308],['cheddar_cheese']
309,cheese,[309],['cheese']
310,cheongyang_chili,[310],['cheongyang_chili']
311,cherry,[311],['cherry']
312,cherry_blossom,[312],['cherry_blossom']
313,cherry_leaf,[313],['cherry_leaf']
314,cherry_liqueur,[314],['cherry_liqueur']
315,cherry_pepper,[315],['cherry_pepper']
316,cherry_plum,[316],['cherry_plum']
317,chervil,[317],['chervil']
318,cheshire_cheese,[318],['cheshire_cheese']
319,chestnut,[319],['chestnut']
320,chia_seed,[320],['chia_seed']
321,chicha,[321],['chicha']
322,chicken,[322],['chicken']
323,chicken_broth,[323],['chicken_broth']
324,chicken_fat,[324],['chicken_fat']
325,chickpea,[325],['chickpea']
326,chicory,[326],['chicory']
327,chihuahua_cheese,[327],['chihuahua_cheese']
328,chikuwa,[328],['chikuwa']
329,chile_de_arbol,[329],['chile_de_arbol']
330,chili_garlic_sauce,[330],['chili_garlic_sauce']
331,chili_oil,[331],['chili_oil']
332,chili_paste,[332],['chili_paste']
333,chili_pepper,[333],['chili_pepper']
334,chili_powder,[334],['chili_powder']
335,chili_sauce,[335],['chili_sauce']
336,chiltepin,[336],['chiltepin']
337,chinese_bayberry,[337],['chinese_bayberry']
338,chinese_broccoli,[338],['chinese_broccoli']
339,chinese_celery,[339],['chinese_celery']
340,chinese_cured_pork,[340],['chinese_cured_pork']
341,chinese_preserved_olive,[341],['chinese_preserved_olive']
342,chinese_sausage,[342],['chinese_sausage']
343,chinese_toon,[343],['chinese_toon']
344,chinese_yam,[344],['chinese_yam']
345,chipotle_pepper,[345],['chipotle_pepper']
346,chirimen_jako,[346],['chirimen_jako']
347,chive,[347],['chive']
348,chive_flower,[348],['chive_flower']
349,chocolate,[349],['chocolate']
350,chocolate_hazelnut_spread,[350],['chocolate_hazelnut_spread']
351,chocolate_liqueur,[351],['chocolate_liqueur']
352,chokecherry,[352],['chokecherry']
353,choricero_pepper,[353],['choricero_pepper']
354,chorizo,[354],['chorizo']
355,choux_pastry,[355],['choux_pastry']
356,choy_sum,[356],['choy_sum']
357,chrysanthemum,[357],['chrysanthemum']
358,chu_hou_paste,[358],['chu_hou_paste']
359,chunjang,[359],['chunjang']
360,chuno,[360],['chuno']
361,chutney,[361],['chutney']
362,ciabatta,[362],['ciabatta']
363,cicada,[363],['cicada']
364,cinnamon,[364],['cinnamon']
365,cipollini_onion,[365],['cipollini_onion']
366,citric_acid,[366],['citric_acid']
367,citron,[367],['citron']
368,citrus,[368],['citrus']
369,clam,[369],['clam']
370,clamato_juice,[370],['clamato_juice']
371,clay_pot_rice_sauce,[371],['clay_pot_rice_sauce']
372,clear_gel,[372],['clear_gel']
373,clementine,[373],['clementine']
374,clotted_cream,[374],['clotted_cream']
375,clove,[375],['clove']
376,clover,[376],['clover']
377,club_soda,[377],['club_soda']
378,cobia,[378],['cobia']
379,cockle,[379],['cockle']
380,cocktail_sauce,[380],['cocktail_sauce']
381,cocoa_butter,[381],['cocoa_butter']
382,cocoa_mass,[382],['cocoa_mass']
383,cocoa_powder,[383],['cocoa_powder']
384,coconut,[384],['coconut']
385,coconut_aminos,[385],['coconut_aminos']
386,coconut_cream,[386],['coconut_cream']
387,coconut_liqueur,[387],['coconut_liqueur']
388,coconut_milk,[388],['coconut_milk']
389,coconut_oil,[389],['coconut_oil']
390,coconut_sugar,[390],['coconut_sugar']
391,coconut_vinegar,[391],['coconut_vinegar']
392,coconut_water,[392],['coconut_water']
393,cod,[393],['cod']
394,cod_liver,[394],['cod_liver']
395,coffee,[395],['coffee']
396,coffee_creamer,[396],['coffee_creamer']
397,coffee_liqueur,[397],['coffee_liqueur']
398,cognac,[398],['cognac']
399,coix_seed,[399],['coix_seed']
400,cola,[400],['cola']
401,colby_cheese,[401],['colby_cheese']
402,cold_jelly_noodle,[402],['cold_jelly_noodle']
403,collard_green,[403],['collard_green']
404,comte_cheese,[404],['comte_cheese']
405,conch,[405],['conch']
406,condensed_milk,[406],['condensed_milk']
407,consomme,[407],['consomme']
408,cookie,[408],['cookie']
409,cookie_butter,[409],['cookie_butter']
410,cooking_spray,[410],['cooking_spray']
411,copha,[411],['copha']
412,cordyceps_flower,[412],['cordyceps_flower']
413,coriander,[413],['coriander']
414,coriander_root,[414],['coriander_root']
415,corn,[415],['corn']
416,corn_flakes,[416],['corn_flakes']
417,corn_husk,[417],['corn_husk']
418,corn_oil,[418],['corn_oil']
419,corn_relish,[419],['corn_relish']
420,corn_silk,[420],['corn_silk']
421,corn_syrup,[421],['corn_syrup']
422,corn_tortilla,[422],['corn_tortilla']
423,cornbread,[423],['cornbread']
424,corned_beef,[424],['corned_beef']
425,cornelian_cherry,[425],['cornelian_cherry']
426,cornmeal,[426],['cornmeal']
427,cornstarch,[427],['cornstarch']
428,corvina,[428],['corvina']
429,cotija_cheese,[429],['cotija_cheese']
430,cottage_cheese,[430],['cottage_cheese']
431,cotton_candy,[431],['cotton_candy']
432,couscous,[432],['couscous']
433,crab,[433],['crab']
434,crab_apple,[434],['crab_apple']
435,crab_boil_seasoning,[435],['crab_boil_seasoning']
436,crab_claw_fish,[436],['crab_claw_fish']
437,crab_mushroom,[437],['crab_mushroom']
438,crab_roe,[438],['crab_roe']
439,crab_stick,[439],['crab_stick']
440,cracker,[440],['cracker']
441,cranberry,[441],['cranberry']
442,cranberry_liqueur,[442],['cranberry_liqueur']
443,cranberry_sauce,[443],['cranberry_sauce']
444,crappie,[444],['crappie']
445,crayfish,[445],['crayfish']
446,cream,[446],['cream']
447,cream_cheese,[447],['cream_cheese']
448,cream_liqueur,[448],['cream_liqueur']
449,cream_of_celery_soup,[449],['cream_of_celery_soup']
450,cream_of_chicken_soup,[450],['cream_of_chicken_soup']
451,cream_of_mushroom_soup,[451],['cream_of_mushroom_soup']
452,cream_of_rice,[452],['cream_of_rice']
453,cream_of_tartar,[453],['cream_of_tartar']
454,cream_of_wheat,[454],['cream_of_wheat']
455,cream_soda,[455],['cream_soda']
456,creme_anglaise,[456],['creme_anglaise']
457,creme_de_cacao,[457],['creme_de_cacao']
458,creme_de_cassis,[458],['creme_de_cassis']
459,creme_de_menthe,[459],['creme_de_menthe']
460,creme_de_violette,[460],['creme_de_violette']
461,creme_fraiche,[461],['creme_fraiche']
462,creole_sauce,[462],['creole_sauce']
463,creole_seasoning,[463],['creole_seasoning']
464,crepe,[464],['crepe']
465,crescent_roll,[465],['crescent_roll']
466,crispbread,[466],['crispbread']
467,croissant,[467],['croissant']
468,crosnes,[468],['crosnes']
469,crouton,[469],['crouton']
470,crumb_crust,[470],['crumb_crust']
471,crumpet,[471],['crumpet']
472,cubanelle_pepper,[472],['cubanelle_pepper']
473,cucumber,[473],['cucumber']
474,cudweed,[474],['cudweed']
475,culantro,[475],['culantro']
476,cumin,[476],['cumin']
477,curd,[477],['curd']
478,cured_chicken,[478],['cured_chicken']
479,cured_duck,[479],['cured_duck']
480,cured_fish,[480],['cured_fish']
481,curing_salt,[481],['curing_salt']
482,curry,[482],['curry']
483,curry_leaf,[483],['curry_leaf']
484,curry_paste,[484],['curry_paste']
485,curry_powder,[485],['curry_powder']
486,custard,[486],['custard']
487,custard_powder,[487],['custard_powder']
488,cynar,[488],['cynar']
489,dace,[489],['dace']
490,daikon,[490],['daikon']
491,damson,[491],['damson']
492,dandelion,[492],['dandelion']
493,dango,[493],['dango']
494,dark_soy_sauce,[494],['dark_soy_sauce']
495,dashi,[495],['dashi']
496,date,[496],['date']
497,daylily_flower,[497],['daylily_flower']
498,deer_mushroom,[498],['deer_mushroom']
499,demi_glace,[499],['demi_glace']
500,denbu,[500],['denbu']
501,dextrose,[501],['dextrose']
502,digestive_biscuit,[502],['digestive_biscuit']
503,dijonnaise,[503],['dijonnaise']
504,dill,[504],['dill']
505,doenjang,[505],['doenjang']
506,donburi_sauce,[506],['donburi_sauce']
507,dong_leaf,[507],['dong_leaf']
508,donkey_meat,[508],['donkey_meat']
509,dory,[509],['dory']
510,doubanjiang,[510],['doubanjiang']
511,dough,[511],['dough']
512,dough_improver,[512],['dough_improver']
513,doughnut,[513],['doughnut']
514,dragon_fruit,[514],['dragon_fruit']
515,dragon_whisker_vegetable,[515],['dragon_whisker_vegetable']
516,drambuie,[516],['drambuie']
517,dried_ganba_mushroom,[517],['dried_ganba_mushroom']
518,dried_lily_bud,[518],['dried_lily_bud']
519,dried_orchid_flower,[519],['dried_orchid_flower']
520,dried_oyster,[520],['dried_oyster']
521,dried_scallop,[521],['dried_scallop']
522,dried_shrimp,[522],['dried_shrimp']
523,dried_tangerine_peel,[523],['dried_tangerine_peel']
524,dried_tofu,[524],['dried_tofu']
525,dried_vegetable,[525],['dried_vegetable']
526,dry_pot_sauce,[526],['dry_pot_sauce']
527,dubonnet,[527],['dubonnet']
528,duck,[528],['duck']
529,duck_egg,[529],['duck_egg']
530,duck_fat,[530],['duck_fat']
531,duck_sauce,[531],['duck_sauce']
532,duck_stock,[532],['duck_stock']
533,dukkah,[533],['dukkah']
534,dulce_de_leche,[534],['dulce_de_leche']
535,dumpling,[535],['dumpling']
536,dumpling_wrapper,[536],['dumpling_wrapper']
537,durian,[537],['durian']
538,earl_grey_tea,[538],['earl_grey_tea']
539,edam_cheese,[539],['edam_cheese']
540,edamame,[540],['edamame']
541,edible_flower,[541],['edible_flower']
542,edible_gold_leaf,[542],['edible_gold_leaf']
543,eel,[543],['eel']
544,egg,[544],['egg']
545,egg_noodle,[545],['egg_noodle']
546,egg_roll,[546],['egg_roll']
547,egg_roll_wrapper,[547],['egg_roll_wrapper']
548,egg_substitute,[548],['egg_substitute']
549,egg_tofu,[549],['egg_tofu']
550,egg_white,[550],['egg_white']
551,egg_yolk,[551],['egg_yolk']
552,eggnog,[552],['eggnog']
553,eggplant,[553],['eggplant']
554,einkorn,[554],['einkorn']
555,elderberry,[555],['elderberry']
556,elderflower,[556],['elderflower']
557,elderflower_liqueur,[557],['elderflower_liqueur']
558,emmental_cheese,[558],['emmental_cheese']
559,empanada_shell,[559],['empanada_shell']
560,enchilada_sauce,[560],['enchilada_sauce']
561,endive,[561],['endive']
562,english_muffin,[562],['english_muffin']
563,enoki_mushroom,[563],['enoki_mushroom']
564,epazote,[564],['epazote']
565,epiphyllum_flower,[565],['epiphyllum_flower']
566,er_cai,[566],['er_cai']
567,erythritol,[567],['erythritol']
568,escarole,[568],['escarole']
569,espelette_pepper,[569],['espelette_pepper']
570,evaporated_milk,[570],['evaporated_milk']
571,ezine_cheese,[571],['ezine_cheese']
572,fajita_seasoning,[572],['fajita_seasoning']
573,falafel,[573],['falafel']
574,falernum,[574],['falernum']
575,farina,[575],['farina']
576,farmer_cheese,[576],['farmer_cheese']
577,farro,[577],['farro']
578,fava_bean,[578],['fava_bean']
579,feijoa,[579],['feijoa']
580,fennel,[580],['fennel']
581,fennel_pollen,[581],['fennel_pollen']
582,fennel_seed,[582],['fennel_seed']
583,fenugreek_leaf,[583],['fenugreek_leaf']
584,fenugreek_seed,[584],['fenugreek_seed']
585,fermentation_starter_cake,[585],['fermentation_starter_cake']
586,fermented_black_bean,[586],['fermented_black_bean']
587,fermented_chive_flower_paste,[587],['fermented_chive_flower_paste']
588,fermented_fish,[588],['fermented_fish']
589,fermented_glutinous_rice,[589],['fermented_glutinous_rice']
590,fermented_tofu,[590],['fermented_tofu']
591,fermented_vegetable_brine,[591],['fermented_vegetable_brine']
592,fern,[592],['fern']
593,feta_cheese,[593],['feta_cheese']
594,fiddlehead_fern,[594],['fiddlehead_fern']
595,fideo,[595],['fideo']
596,fig,[596],['fig']
597,file_powder,[597],['file_powder']
598,filefish,[598],['filefish']
599,fines_herbes,[599],['fines_herbes']
600,fish,[600],['fish']
601,fish_ball,[601],['fish_ball']
602,fish_cake,[602],['fish_cake']
603,fish_floss,[603],['fish_floss']
604,fish_maw,[604],['fish_maw']
605,fish_mint,[605],['fish_mint']
606,fish_noodle,[606],['fish_noodle']
607,fish_oil,[607],['fish_oil']
608,fish_paste,[608],['fish_paste']
609,fish_roe,[609],['fish_roe']
610,fish_sauce,[610],['fish_sauce']
611,fish_sausage,[611],['fish_sausage']
612,fish_skin,[612],['fish_skin']
613,fish_stock,[613],['fish_stock']
614,fish_tofu,[614],['fish_tofu']
615,five_grain_powder,[615],['five_grain_powder']
616,five_spice_powder,[616],['five_spice_powder']
617,five_willow_vegetable,[617],['five_willow_vegetable']
618,flageolet_bean,[618],['flageolet_bean']
619,flatbread,[619],['flatbread']
620,flattened_young_rice,[620],['flattened_young_rice']
621,flaxseed,[621],['flaxseed']
622,flaxseed_oil,[622],['flaxseed_oil']
623,flounder,[623],['flounder']
624,flour,[624],['flour']
625,flour_tortilla,[625],['flour_tortilla']
626,foie_gras,[626],['foie_gras']
627,fondant,[627],['fondant']
628,fontina_cheese,[628],['fontina_cheese']
629,food_coloring,[629],['food_coloring']
630,fox_nut,[630],['fox_nut']
631,frangipane,[631],['frangipane']
632,freekeh,[632],['freekeh']
633,french_dressing,[633],['french_dressing']
634,fresno_pepper,[634],['fresno_pepper']
635,fried_bread,[635],['fried_bread']
636,fried_dough_twist,[636],['fried_dough_twist']
637,fried_gluten_ball,[637],['fried_gluten_ball']
638,fried_puffed_cracker,[638],['fried_puffed_cracker']
639,fried_tofu_puff,[639],['fried_tofu_puff']
640,frisee,[640],['frisee']
641,frog_leg,[641],['frog_leg']
642,fromage_blanc,[642],['fromage_blanc']
643,frosting,[643],['frosting']
644,frozen_yogurt,[644],['frozen_yogurt']
645,fructose,[645],['fructose']
646,fruit,[646],['fruit']
647,fruit_cocktail,[647],['fruit_cocktail']
648,fruit_juice,[648],['fruit_juice']
649,fruit_preserves,[649],['fruit_preserves']
650,fruit_puree,[650],['fruit_puree']
651,fruit_tea,[651],['fruit_tea']
652,fruit_vinegar,[652],['fruit_vinegar']
653,fruitcake,[653],['fruitcake']
654,fry_sauce,[654],['fry_sauce']
655,fudge,[655],['fudge']
656,furikake,[656],['furikake']
657,fuzzy_melon,[657],['fuzzy_melon']
658,gac_fruit,[658],['gac_fruit']
659,galangal,[659],['galangal']
660,galette,[660],['galette']
661,galliano,[661],['galliano']
662,game_meat,[662],['game_meat']
663,game_stock,[663],['game_stock']
664,gammon,[664],['gammon']
665,ganache,[665],['ganache']
666,garam_masala,[666],['garam_masala']
667,gardenia_flower,[667],['gardenia_flower']
668,gardenia_fruit,[668],['gardenia_fruit']
669,garland_chrysanthemum,[669],['garland_chrysanthemum']
670,garlic,[670],['garlic']
671,garlic_chive,[671],['garlic_chive']
672,garlic_scape,[672],['garlic_scape']
673,gelatin,[673],['gelatin']
674,geoduck,[674],['geoduck']
675,geranium,[675],['geranium']
676,ghee,[676],['ghee']
677,ghost_pepper,[677],['ghost_pepper']
678,giardiniera,[678],['giardiniera']
679,gin,[679],['gin']
680,ginger,[680],['ginger']
681,ginger_ale,[681],['ginger_ale']
682,ginger_beer,[682],['ginger_beer']
683,ginger_liqueur,[683],['ginger_liqueur']
684,ginger_wine,[684],['ginger_wine']
685,gingerbread,[685],['gingerbread']
686,gingerbread_spice,[686],['gingerbread_spice']
687,gingersnap,[687],['gingersnap']
688,ginkgo_nut,[688],['ginkgo_nut']
689,glass_noodle,[689],['glass_noodle']
690,gloucester_cheese,[690],['gloucester_cheese']
691,glucose_syrup,[691],['glucose_syrup']
692,gluten_free_flour,[692],['gluten_free_flour']
693,glutinous_rice,[693],['glutinous_rice']
694,glutinous_rice_flour,[694],['glutinous_rice_flour']
695,glycerin,[695],['glycerin']
696,gnocchi,[696],['gnocchi']
697,goat,[697],['goat']
698,goat_cheese,[698],['goat_cheese']
699,goat_milk,[699],['goat_milk']
700,gochugaru,[700],['gochugaru']
701,gochujang,[701],['gochujang']
702,goda_masala,[702],['goda_masala']
703,goji_berry,[703],['goji_berry']
704,golden_ear_mushroom,[704],['golden_ear_mushroom']
705,golden_syrup,[705],['golden_syrup']
706,goldschlager,[706],['goldschlager']
707,goose,[707],['goose']
708,goose_egg,[708],['goose_egg']
709,goose_fat,[709],['goose_fat']
710,gooseberry,[710],['gooseberry']
711,gorgonzola_cheese,[711],['gorgonzola_cheese']
712,gouda_cheese,[712],['gouda_cheese']
713,gourami,[713],['gourami']
714,graham_cracker,[714],['graham_cracker']
715,graham_flour,[715],['graham_flour']
716,grains_of_paradise,[716],['grains_of_paradise']
717,grana_padano,[717],['grana_padano']
718,grand_marnier,[718],['grand_marnier']
719,grape,[719],['grape']
720,grape_leaf,[720],['grape_leaf']
721,grape_must,[721],['grape_must']
722,grapefruit,[722],['grapefruit']
723,grapeseed_oil,[723],['grapeseed_oil']
724,grappa,[724],['grappa']
725,grass_jelly,[725],['grass_jelly']
726,grasshopper,[726],['grasshopper']
727,gravy,[727],['gravy']
728,greek_seasoning,[728],['greek_seasoning']
729,green_bean,[729],['green_bean']
730,green_chili,[730],['green_chili']
731,green_curry_paste,[731],['green_curry_paste']
732,green_fish,[732],['green_fish']
733,green_olive,[733],['green_olive']
734,green_peppercorn,[734],['green_peppercorn']
735,green_sichuan_peppercorn,[735],['green_sichuan_peppercorn']
736,green_tea,[736],['green_tea']
737,green_tomato,[737],['green_tomato']
738,gremolata,[738],['gremolata']
739,grenadine,[739],['grenadine']
740,grissini,[740],['grissini']
741,grits,[741],['grits']
742,ground_ivy,[742],['ground_ivy']
743,grouper,[743],['grouper']
744,grouse,[744],['grouse']
745,gruyere_cheese,[745],['gruyere_cheese']
746,guacamole,[746],['guacamole']
747,guajillo_chile,[747],['guajillo_chile']
748,guar_gum,[748],['guar_gum']
749,guascas,[749],['guascas']
750,guava,[750],['guava']
751,guava_paste,[751],['guava_paste']
752,guinea_hen,[752],['guinea_hen']
753,guizhou_sour_soup,[753],['guizhou_sour_soup']
754,gulai_seasoning,[754],['gulai_seasoning']
755,gulas,[755],['gulas']
756,gullac,[756],['gullac']
757,gum_paste,[757],['gum_paste']
758,gypsum,[758],['gypsum']
759,habanero_pepper,[759],['habanero_pepper']
760,haddock,[760],['haddock']
761,hair_vegetable,[761],['hair_vegetable']
762,hairtail,[762],['hairtail']
763,hake,[763],['hake']
764,halibut,[764],['halibut']
765,halloumi,[765],['halloumi']
766,halva,[766],['halva']
767,ham,[767],['ham']
768,hanpen,[768],['hanpen']
769,hard_cider,[769],['hard_cider']
770,harissa,[770],['harissa']
771,hatch_chile,[771],['hatch_chile']
772,havarti_cheese,[772],['havarti_cheese']
773,hawthorn,[773],['hawthorn']
774,hazelnut,[774],['hazelnut']
775,hazelnut_liqueur,[775],['hazelnut_liqueur']
776,hazelnut_oil,[776],['hazelnut_oil']
777,hearts_of_palm,[777],['hearts_of_palm']
778,hemp_oil,[778],['hemp_oil']
779,hemp_seed,[779],['hemp_seed']
780,herb,[780],['herb']
781,herbal_tea,[781],['herbal_tea']
782,herbes_de_provence,[782],['herbes_de_provence']
783,herbsaint,[783],['herbsaint']
784,herring,[784],['herring']
785,hibiscus,[785],['hibiscus']
786,hickory_nut,[786],['hickory_nut']
787,hijiki,[787],['hijiki']
788,hog_plum,[788],['hog_plum']
789,hogao,[789],['hogao']
790,hoisin_sauce,[790],['hoisin_sauce']
791,hokkien_noodle,[791],['hokkien_noodle']
792,hollandaise_sauce,[792],['hollandaise_sauce']
793,hominy,[793],['hominy']
794,honey,[794],['honey']
795,honey_citron_tea,[795],['honey_citron_tea']
796,honey_mushroom,[796],['honey_mushroom']
797,honey_mustard,[797],['honey_mustard']
798,honeycomb,[798],['honeycomb']
799,honeydew_melon,[799],['honeydew_melon']
800,honeysuckle_flower,[800],['honeysuckle_flower']
801,hop,[801],['hop']
802,horse_gram,[802],['horse_gram']
803,horse_head_fish,[803],['horse_head_fish']
804,horse_mackerel,[804],['horse_mackerel']
805,horse_meat,[805],['horse_meat']
806,horseradish,[806],['horseradish']
807,hot_and_sour_sauce,[807],['hot_and_sour_sauce']
808,hot_dog,[808],['hot_dog']
809,hot_pot_base,[809],['hot_pot_base']
810,hot_sauce,[810],['hot_sauce']
811,hpnotiq,[811],['hpnotiq']
812,huacatay,[812],['huacatay']
813,huckleberry,[813],['huckleberry']
814,huitlacoche,[814],['huitlacoche']
815,hummus,[815],['hummus']
816,hunan_chopped_chili,[816],['hunan_chopped_chili']
817,hyacinth_bean,[817],['hyacinth_bean']
818,iberico_ham,[818],['iberico_ham']
819,ice,[819],['ice']
820,ice_cream,[820],['ice_cream']
821,ice_cream_cone,[821],['ice_cream_cone']
822,ice_jelly,[822],['ice_jelly']
823,ice_plant,[823],['ice_plant']
824,idli,[824],['idli']
825,indian_gooseberry,[825],['indian_gooseberry']
826,inulin,[826],['inulin']
827,irish_cream,[827],['irish_cream']
828,isomalt,[828],['isomalt']
829,isot_pepper,[829],['isot_pepper']
830,italian_dressing,[830],['italian_dressing']
831,italian_sausage,[831],['italian_sausage']
832,italian_seasoning,[832],['italian_seasoning']
833,jackfruit,[833],['jackfruit']
834,jackfruit_seed,[834],['jackfruit_seed']
835,jagermeister,[835],['jagermeister']
836,jaggery,[836],['jaggery']
837,jalapeno,[837],['jalapeno']
838,jam,[838],['jam']
839,jarlsberg_cheese,[839],['jarlsberg_cheese']
840,jasmine_flower,[840],['jasmine_flower']
841,jasmine_tea,[841],['jasmine_tea']
842,jellyfish,[842],['jellyfish']
843,jerk_seasoning,[843],['jerk_seasoning']
844,jerusalem_artichoke,[844],['jerusalem_artichoke']
845,jicama,[845],['jicama']
846,jinhua_ham,[846],['jinhua_ham']
847,jobs_tears,[847],['jobs_tears']
848,juniper_berry,[848],['juniper_berry']
849,junket,[849],['junket']
850,kabanos,[850],['kabanos']
851,kadaifi,[851],['kadaifi']
852,kaffir_lime,[852],['kaffir_lime']
853,kaffir_lime_leaf,[853],['kaffir_lime_leaf']
854,kale,[854],['kale']
855,kangaroo,[855],['kangaroo']
856,kapok_flower,[856],['kapok_flower']
857,kashkaval_cheese,[857],['kashkaval_cheese']
858,kashmiri_chili,[858],['kashmiri_chili']
859,kasseri_cheese,[859],['kasseri_cheese']
860,kaya,[860],['kaya']
861,kaymak,[861],['kaymak']
862,kefalotyri,[862],['kefalotyri']
863,kefir,[863],['kefir']
864,kelp,[864],['kelp']
865,kencur,[865],['kencur']
866,ketchup,[866],['ketchup']
867,khmeli_suneli,[867],['khmeli_suneli']
868,khoya,[868],['khoya']
869,kidney,[869],['kidney']
870,kidney_bean,[870],['kidney_bean']
871,kielbasa,[871],['kielbasa']
872,kimchi,[872],['kimchi']
873,kinako,[873],['kinako']
874,king_oyster_mushroom,[874],['king_oyster_mushroom']
875,kirschwasser,[875],['kirschwasser']
876,kissel,[876],['kissel']
877,kiwi,[877],['kiwi']
878,kluwek,[878],['kluwek']
879,kohlrabi,[879],['kohlrabi']
880,koji,[880],['koji']
881,kokum,[881],['kokum']
882,komatsuna,[882],['komatsuna']
883,kombu,[883],['kombu']
884,kombucha,[884],['kombucha']
885,konjac,[885],['konjac']
886,korean_bbq_sauce,[886],['korean_bbq_sauce']
887,korean_rice_wine,[887],['korean_rice_wine']
888,krill,[888],['krill']
889,kudzu_root,[889],['kudzu_root']
890,kumquat,[890],['kumquat']
891,kvass,[891],['kvass']
892,la_cam_leaf,[892],['la_cam_leaf']
893,la_giang_leaf,[893],['la_giang_leaf']
894,labneh,[894],['labneh']
895,lacon,[895],['lacon']
896,ladyfinger,[896],['ladyfinger']
897,laksa_paste,[897],['laksa_paste']
898,lamb,[898],['lamb']
899,lambs_quarters,[899],['lambs_quarters']
900,langoustine,[900],['langoustine']
901,lard,[901],['lard']
902,lavender,[902],['lavender']
903,lecithin,[903],['lecithin']
904,leek,[904],['leek']
905,lemon,[905],['lemon']
906,lemon_balm,[906],['lemon_balm']
907,lemon_leaf,[907],['lemon_leaf']
908,lemon_pepper,[908],['lemon_pepper']
909,lemon_verbena,[909],['lemon_verbena']
910,lemongrass,[910],['lemongrass']
911,lentil,[911],['lentil']
912,lettuce,[912],['lettuce']
913,liangpi,[913],['liangpi']
914,licorice_root,[914],['licorice_root']
915,light_soy_sauce,[915],['light_soy_sauce']
916,lillet,[916],['lillet']
917,lily_bulb,[917],['lily_bulb']
918,lima_bean,[918],['lima_bean']
919,lime,[919],['lime']
920,limewater,[920],['limewater']
921,limoncello,[921],['limoncello']
922,lingonberry,[922],['lingonberry']
923,linguica,[923],['linguica']
924,lions_mane_mushroom,[924],['lions_mane_mushroom']
925,liqueur,[925],['liqueur']
926,liquid_smoke,[926],['liquid_smoke']
927,liquor,[927],['liquor']
928,litsea_cubeba,[928],['litsea_cubeba']
929,liver,[929],['liver']
930,loach,[930],['loach']
931,lobster,[931],['lobster']
932,loganberry,[932],['loganberry']
933,long_pepper,[933],['long_pepper']
934,longan,[934],['longan']
935,longaniza,[935],['longaniza']
936,loquat,[936],['loquat']
937,loquat_leaf,[937],['loquat_leaf']
938,lotus_flower,[938],['lotus_flower']
939,lotus_leaf,[939],['lotus_leaf']
940,lotus_root,[940],['lotus_root']
941,lotus_seed,[941],['lotus_seed']
942,lovage,[942],['lovage']
943,lucuma,[943],['lucuma']
944,luffa,[944],['luffa']
945,luncheon_meat,[945],['luncheon_meat']
946,lychee,[946],['lychee']
947,lye_water,[947],['lye_water']
948,mac_khen,[948],['mac_khen']
949,mac_mat_fruit,[949],['mac_mat_fruit']
950,maca,[950],['maca']
951,macadamia_nut,[951],['macadamia_nut']
952,mace,[952],['mace']
953,mache,[953],['mache']
954,mackerel,[954],['mackerel']
955,madeira_wine,[955],['madeira_wine']
956,maggi_seasoning,[956],['maggi_seasoning']
957,mahi_mahi,[957],['mahi_mahi']
958,mahleb,[958],['mahleb']
959,maitake_mushroom,[959],['maitake_mushroom']
960,mala_sauce,[960],['mala_sauce']
961,malabar_spinach,[961],['malabar_spinach']
962,malanga,[962],['malanga']
963,mallow,[963],['mallow']
964,malt,[964],['malt']
965,malt_vinegar,[965],['malt_vinegar']
966,maltose,[966],['maltose']
967,manchego_cheese,[967],['manchego_cheese']
968,mandarin_fish,[968],['mandarin_fish']
969,mango,[969],['mango']
970,mangosteen,[970],['mangosteen']
971,mantis_shrimp,[971],['mantis_shrimp']
972,maple_syrup,[972],['maple_syrup']
973,mapo_tofu_sauce,[973],['mapo_tofu_sauce']
974,maraschino_cherry,[974],['maraschino_cherry']
975,maraschino_liqueur,[975],['maraschino_liqueur']
976,margarine,[976],['margarine']
977,marinara_sauce,[977],['marinara_sauce']
978,marjoram,[978],['marjoram']
979,marlin,[979],['marlin']
980,marmite,[980],['marmite']
981,marsala_wine,[981],['marsala_wine']
982,marshmallow,[982],['marshmallow']
983,marzipan,[983],['marzipan']
984,masa_harina,[984],['masa_harina']
985,mascarpone_cheese,[985],['mascarpone_cheese']
986,masoor_dal,[986],['masoor_dal']
987,mastic,[987],['mastic']
988,matambre,[988],['matambre']
989,matcha_powder,[989],['matcha_powder']
990,matsoni,[990],['matsoni']
991,matsutake_mushroom,[991],['matsutake_mushroom']
992,matzo,[992],['matzo']
993,mayonnaise,[993],['mayonnaise']
994,mead,[994],['mead']
995,meat,[995],['meat']
996,meat_extract,[996],['meat_extract']
997,meat_floss,[997],['meat_floss']
998,meat_stock,[998],['meat_stock']
999,meat_tenderizer,[999],['meat_tenderizer']
1000,mei_kuei_lu_wine,[1000],['mei_kuei_lu_wine']
1001,melinjo,[1001],['melinjo']
1002,melon,[1002],['melon']
1003,melon_liqueur,[1003],['melon_liqueur']
1004,melon_seed,[1004],['melon_seed']
1005,mentaiko,[1005],['mentaiko']
1006,mentsuyu,[1006],['mentsuyu']
1007,merguez,[1007],['merguez']
1008,meringue,[1008],['meringue']
1009,mesquite,[1009],['mesquite']
1010,metaxa,[1010],['metaxa']
1011,mettwurst,[1011],['mettwurst']
1012,mezcal,[1012],['mezcal']
1013,microgreen,[1013],['microgreen']
1014,miiuy_croaker,[1014],['miiuy_croaker']
1015,milk,[1015],['milk']
1016,milk_bread,[1016],['milk_bread']
1017,milk_chocolate,[1017],['milk_chocolate']
1018,milk_tea,[1018],['milk_tea']
1019,milk_tofu,[1019],['milk_tofu']
1020,milkfish,[1020],['milkfish']
1021,millet,[1021],['millet']
1022,milo,[1022],['milo']
1023,milt,[1023],['milt']
1024,mincemeat,[1024],['mincemeat']
1025,mint,[1025],['mint']
1026,mirasol_chile,[1026],['mirasol_chile']
1027,mirepoix,[1027],['mirepoix']
1028,mirin,[1028],['mirin']
1029,miso,[1029],['miso']
1030,mitsuba,[1030],['mitsuba']
1031,mixed_grains,[1031],['mixed_grains']
1032,mixed_herbs,[1032],['mixed_herbs']
1033,mixed_seeds,[1033],['mixed_seeds']
1034,mixed_sprouts,[1034],['mixed_sprouts']
1035,mixed_vegetable,[1035],['mixed_vegetable']
1036,mizuame,[1036],['mizuame']
1037,mizuna,[1037],['mizuna']
1038,mocha,[1038],['mocha']
1039,mochi,[1039],['mochi']
1040,mojo,[1040],['mojo']
1041,molasses,[1041],['molasses']
1042,mole,[1042],['mole']
1043,monk_fruit,[1043],['monk_fruit']
1044,monkfish,[1044],['monkfish']
1045,montasio_cheese,[1045],['montasio_cheese']
1046,monterey_jack_cheese,[1046],['monterey_jack_cheese']
1047,montreal_steak_seasoning,[1047],['montreal_steak_seasoning']
1048,mopping_sauce,[1048],['mopping_sauce']
1049,morel_mushroom,[1049],['morel_mushroom']
1050,moringa,[1050],['moringa']
1051,mortadella,[1051],['mortadella']
1052,moscatel_wine,[1052],['moscatel_wine']
1053,mountain_pepper,[1053],['mountain_pepper']
1054,mozzarella_cheese,[1054],['mozzarella_cheese']
1055,msg,[1055],['msg']
1056,mudfish,[1056],['mudfish']
1057,mudskipper,[1057],['mudskipper']
1058,muenster_cheese,[1058],['muenster_cheese']
1059,muffin,[1059],['muffin']
1060,mugwort,[1060],['mugwort']
1061,mulato_chile,[1061],['mulato_chile']
1062,mulberry,[1062],['mulberry']
1063,mulberry_leaf,[1063],['mulberry_leaf']
1064,mullet,[1064],['mullet']
1065,mulling_spice,[1065],['mulling_spice']
1066,mung_bean,[1066],['mung_bean']
1067,mung_bean_jelly,[1067],['mung_bean_jelly']
1068,mung_bean_paste,[1068],['mung_bean_paste']
1069,mung_bean_starch,[1069],['mung_bean_starch']
1070,muscovado_sugar,[1070],['muscovado_sugar']
1071,mushroom,[1071],['mushroom']
1072,mushroom_soy_sauce,[1072],['mushroom_soy_sauce']
1073,mushroom_stock,[1073],['mushroom_stock']
1074,mussel,[1074],['mussel']
1075,mustard,[1075],['mustard']
1076,mustard_green,[1076],['mustard_green']
1077,mustard_oil,[1077],['mustard_oil']
1078,mustard_root,[1078],['mustard_root']
1079,mustard_seed,[1079],['mustard_seed']
1080,mutton,[1080],['mutton']
1081,myoga,[1081],['myoga']
1082,myzithra_cheese,[1082],['myzithra_cheese']
1083,naan,[1083],['naan']
1084,nameko_mushroom,[1084],['nameko_mushroom']
1085,nanohana,[1085],['nanohana']
1086,napa_cabbage,[1086],['napa_cabbage']
1087,narsharab,[1087],['narsharab']
1088,nasturtium,[1088],['nasturtium']
1089,natto,[1089],['natto']
1090,navy_bean,[1090],['navy_bean']
1091,nduja,[1091],['nduja']
1092,nectar,[1092],['nectar']
1093,nectarine,[1093],['nectarine']
1094,needlefish,[1094],['needlefish']
1095,nerikiri,[1095],['nerikiri']
1096,nettle,[1096],['nettle']
1097,neufchatel_cheese,[1097],['neufchatel_cheese']
1098,new_mexico_chile,[1098],['new_mexico_chile']
1099,nigari,[1099],['nigari']
1100,nigella_seed,[1100],['nigella_seed']
1101,noodle,[1101],['noodle']
1102,nopal,[1102],['nopal']
1103,nora_chile,[1103],['nora_chile']
1104,nori,[1104],['nori']
1105,nougat,[1105],['nougat']
1106,nut,[1106],['nut']
1107,nut_butter,[1107],['nut_butter']
1108,nut_oil,[1108],['nut_oil']
1109,nutmeg,[1109],['nutmeg']
1110,nutritional_yeast,[1110],['nutritional_yeast']
1111,oat,[1111],['oat']
1112,oat_milk,[1112],['oat_milk']
1113,oaxaca_cheese,[1113],['oaxaca_cheese']
1114,octopus,[1114],['octopus']
1115,offal,[1115],['offal']
1116,oil,[1116],['oil']
1117,okara_powder,[1117],['okara_powder']
1118,okonomiyaki_sauce,[1118],['okonomiyaki_sauce']
1119,okra,[1119],['okra']
1120,olive,[1120],['olive']
1121,olive_oil,[1121],['olive_oil']
1122,olluco,[1122],['olluco']
1123,onion,[1123],['onion']
1124,oolong_tea,[1124],['oolong_tea']
1125,orange,[1125],['orange']
1126,orange_blossom_water,[1126],['orange_blossom_water']
1127,orange_liqueur,[1127],['orange_liqueur']
1128,orange_roughy,[1128],['orange_roughy']
1129,oregano,[1129],['oregano']
1130,orgeat,[1130],['orgeat']
1131,orris_root,[1131],['orris_root']
1132,osmanthus_flower,[1132],['osmanthus_flower']
1133,osmanthus_wine,[1133],['osmanthus_wine']
1134,ouzo,[1134],['ouzo']
1135,oyster,[1135],['oyster']
1136,oyster_mushroom,[1136],['oyster_mushroom']
1137,oyster_sauce,[1137],['oyster_sauce']
1138,pacific_saury,[1138],['pacific_saury']
1139,padron_pepper,[1139],['padron_pepper']
1140,paederia_foetida,[1140],['paederia_foetida']
1141,pagoda_tree_flower,[1141],['pagoda_tree_flower']
1142,palm_oil,[1142],['palm_oil']
1143,palm_seed,[1143],['palm_seed']
1144,palm_sugar,[1144],['palm_sugar']
1145,pan_drippings,[1145],['pan_drippings']
1146,panang_curry_paste,[1146],['panang_curry_paste']
1147,pancake,[1147],['pancake']
1148,pancetta,[1148],['pancetta']
1149,panch_phoran,[1149],['panch_phoran']
1150,pandan_leaf,[1150],['pandan_leaf']
1151,paneer,[1151],['paneer']
1152,panela_cheese,[1152],['panela_cheese']
1153,panettone,[1153],['panettone']
1154,pangasius,[1154],['pangasius']
1155,papad,[1155],['papad']
1156,papaya,[1156],['papaya']
1157,papaya_leaf,[1157],['papaya_leaf']
1158,paprika,[1158],['paprika']
1159,paratha,[1159],['paratha']
1160,parmesan_cheese,[1160],['parmesan_cheese']
1161,parsley,[1161],['parsley']
1162,parsley_root,[1162],['parsley_root']
1163,parsnip,[1163],['parsnip']
1164,partridge,[1164],['partridge']
1165,pasilla_chile,[1165],['pasilla_chile']
1166,passion_fruit,[1166],['passion_fruit']
1167,pasta,[1167],['pasta']
1168,pasta_sauce,[1168],['pasta_sauce']
1169,pastila,[1169],['pastila']
1170,pastis,[1170],['pastis']
1171,pastrami,[1171],['pastrami']
1172,pastry,[1172],['pastry']
1173,pate,[1173],['pate']
1174,pea,[1174],['pea']
1175,pea_shoot,[1175],['pea_shoot']
1176,peach,[1176],['peach']
1177,peach_gum,[1177],['peach_gum']
1178,peanut,[1178],['peanut']
1179,peanut_butter,[1179],['peanut_butter']
1180,peanut_oil,[1180],['peanut_oil']
1181,peanut_sauce,[1181],['peanut_sauce']
1182,pear,[1182],['pear']
1183,pearl_mushroom,[1183],['pearl_mushroom']
1184,pecan,[1184],['pecan']
1185,pecorino_cheese,[1185],['pecorino_cheese']
1186,pectin,[1186],['pectin']
1187,pennywort,[1187],['pennywort']
1188,peperomia_pellucida,[1188],['peperomia_pellucida']
1189,pepino_melon,[1189],['pepino_melon']
1190,peppadew_pepper,[1190],['peppadew_pepper']
1191,pepper_jelly,[1191],['pepper_jelly']
1192,peppercorn_sauce,[1192],['peppercorn_sauce']
1193,peppermint,[1193],['peppermint']
1194,pepperoncini,[1194],['pepperoncini']
1195,pepperoni,[1195],['pepperoni']
1196,perch,[1196],['perch']
1197,perilla,[1197],['perilla']
1198,perilla_oil,[1198],['perilla_oil']
1199,periwinkle,[1199],['periwinkle']
1200,persimmon,[1200],['persimmon']
1201,pesto,[1201],['pesto']
1202,petai_bean,[1202],['petai_bean']
1203,petis,[1203],['petis']
1204,pheasant,[1204],['pheasant']
1205,phyllo_dough,[1205],['phyllo_dough']
1206,picada,[1206],['picada']
1207,pickapeppa_sauce,[1207],['pickapeppa_sauce']
1208,pickle_juice,[1208],['pickle_juice']
1209,pickle_relish,[1209],['pickle_relish']
1210,pickled_cucumber,[1210],['pickled_cucumber']
1211,pickled_ginger,[1211],['pickled_ginger']
1212,pickled_mustard_green,[1212],['pickled_mustard_green']
1213,pickled_onion,[1213],['pickled_onion']
1214,pickled_radish,[1214],['pickled_radish']
1215,pickled_sakura_blossom,[1215],['pickled_sakura_blossom']
1216,pickled_vegetable,[1216],['pickled_vegetable']
1217,pickling_spice,[1217],['pickling_spice']
1218,pie_crust,[1218],['pie_crust']
1219,pie_filling,[1219],['pie_filling']
1220,pigeon,[1220],['pigeon']
1221,pigeon_egg,[1221],['pigeon_egg']
1222,pigeon_pea,[1222],['pigeon_pea']
1223,pike,[1223],['pike']
1224,piloncillo,[1224],['piloncillo']
1225,pimento,[1225],['pimento']
1226,pina_colada_mix,[1226],['pina_colada_mix']
1227,pine_nut,[1227],['pine_nut']
1228,pine_pollen,[1228],['pine_pollen']
1229,pineapple,[1229],['pineapple']
1230,pink_pepper,[1230],['pink_pepper']
1231,pink_sauce,[1231],['pink_sauce']
1232,pinto_bean,[1232],['pinto_bean']
1233,pionono,[1233],['pionono']
1234,piquante_sauce,[1234],['piquante_sauce']
1235,piquillo_pepper,[1235],['piquillo_pepper']
1236,piri_piri,[1236],['piri_piri']
1237,pisco,[1237],['pisco']
1238,pistachio,[1238],['pistachio']
1239,pistachio_oil,[1239],['pistachio_oil']
1240,pita_bread,[1240],['pita_bread']
1241,pizza_crust,[1241],['pizza_crust']
1242,pizza_sauce,[1242],['pizza_sauce']
1243,plant_based_cheese,[1243],['plant_based_cheese']
1244,plant_based_cream,[1244],['plant_based_cream']
1245,plant_based_ham,[1245],['plant_based_ham']
1246,plant_based_milk,[1246],['plant_based_milk']
1247,plantain,[1247],['plantain']
1248,plum,[1248],['plum']
1249,plum_sauce,[1249],['plum_sauce']
1250,plum_wine,[1250],['plum_wine']
1251,pluot,[1251],['pluot']
1252,poblano_pepper,[1252],['poblano_pepper']
1253,pokeweed,[1253],['pokeweed']
1254,polenta,[1254],['polenta']
1255,pollock,[1255],['pollock']
1256,pomegranate,[1256],['pomegranate']
1257,pomegranate_molasses,[1257],['pomegranate_molasses']
1258,pomelo,[1258],['pomelo']
1259,pomfret,[1259],['pomfret']
1260,pompano,[1260],['pompano']
1261,ponzu,[1261],['ponzu']
1262,poolish,[1262],['poolish']
1263,poppy_seed,[1263],['poppy_seed']
1264,porcini_mushroom,[1264],['porcini_mushroom']
1265,pork,[1265],['pork']
1266,pork_stock,[1266],['pork_stock']
1267,port_wine,[1267],['port_wine']
1268,portobello_mushroom,[1268],['portobello_mushroom']
1269,potato,[1269],['potato']
1270,poultry_seasoning,[1270],['poultry_seasoning']
1271,praline,[1271],['praline']
1272,preserved_cabbage,[1272],['preserved_cabbage']
1273,preserved_lemon,[1273],['preserved_lemon']
1274,preserved_plum,[1274],['preserved_plum']
1275,pretzel,[1275],['pretzel']
1276,prickly_pear,[1276],['prickly_pear']
1277,prosciutto,[1277],['prosciutto']
1278,prosecco,[1278],['prosecco']
1279,provolone_cheese,[1279],['provolone_cheese']
1280,prune,[1280],['prune']
1281,psyllium_husk,[1281],['psyllium_husk']
1282,pu_erh_tea,[1282],['pu_erh_tea']
1283,pudding,[1283],['pudding']
1284,puff_pastry,[1284],['puff_pastry']
1285,puffer_fish,[1285],['puffer_fish']
1286,pumpkin,[1286],['pumpkin']
1287,pumpkin_leaf,[1287],['pumpkin_leaf']
1288,pumpkin_pie_spice,[1288],['pumpkin_pie_spice']
1289,pumpkin_seed,[1289],['pumpkin_seed']
1290,pumpkin_seed_oil,[1290],['pumpkin_seed_oil']
1291,punch,[1291],['punch']
1292,purple_gynura,[1292],['purple_gynura']
1293,purple_sweet_potato,[1293],['purple_sweet_potato']
1294,purple_yam,[1294],['purple_yam']
1295,purslane,[1295],['purslane']
1296,puzi_leaf,[1296],['puzi_leaf']
1297,qingbu_liang,[1297],['qingbu_liang']
1298,qingjiang_fish,[1298],['qingjiang_fish']
1299,qingtou_mushroom,[1299],['qingtou_mushroom']
1300,quail,[1300],['quail']
1301,quail_egg,[1301],['quail_egg']
1302,quark,[1302],['quark']
1303,queso_anejo,[1303],['queso_anejo']
1304,queso_blanco,[1304],['queso_blanco']
1305,queso_fresco,[1305],['queso_fresco']
1306,quince,[1306],['quince']
1307,quince_paste,[1307],['quince_paste']
1308,quinoa,[1308],['quinoa']
1309,quorn,[1309],['quorn']
1310,rabbit,[1310],['rabbit']
1311,raclette_cheese,[1311],['raclette_cheese']
1312,radicchio,[1312],['radicchio']
1313,radish,[1313],['radish']
1314,radish_cake,[1314],['radish_cake']
1315,ragi,[1315],['ragi']
1316,raisin,[1316],['raisin']
1317,raita,[1317],['raita']
1318,rakkyo,[1318],['rakkyo']
1319,rambutan,[1319],['rambutan']
1320,ramen_noodle,[1320],['ramen_noodle']
1321,ramp,[1321],['ramp']
1322,ranch_dressing,[1322],['ranch_dressing']
1323,rapeseed,[1323],['rapeseed']
1324,ras_el_hanout,[1324],['ras_el_hanout']
1325,raspberry,[1325],['raspberry']
1326,ravioli,[1326],['ravioli']
1327,ray,[1327],['ray']
1328,razor_clam,[1328],['razor_clam']
1329,red_bean,[1329],['red_bean']
1330,red_bean_paste,[1330],['red_bean_paste']
1331,red_currant,[1331],['red_currant']
1332,red_curry_paste,[1332],['red_curry_paste']
1333,red_date,[1333],['red_date']
1334,red_drum,[1334],['red_drum']
1335,red_hots,[1335],['red_hots']
1336,red_leicester_cheese,[1336],['red_leicester_cheese']
1337,red_onion,[1337],['red_onion']
1338,red_pepper,[1338],['red_pepper']
1339,red_rice,[1339],['red_rice']
1340,red_snapper,[1340],['red_snapper']
1341,red_wine,[1341],['red_wine']
1342,red_wine_vinegar,[1342],['red_wine_vinegar']
1343,red_yeast,[1343],['red_yeast']
1344,reed_leaf,[1344],['reed_leaf']
1345,refried_beans,[1345],['refried_beans']
1346,remoulade_sauce,[1346],['remoulade_sauce']
1347,rhubarb,[1347],['rhubarb']
1348,rice,[1348],['rice']
1349,rice_bran_oil,[1349],['rice_bran_oil']
1350,rice_cake,[1350],['rice_cake']
1351,rice_milk,[1351],['rice_milk']
1352,rice_noodle,[1352],['rice_noodle']
1353,rice_paddy_herb,[1353],['rice_paddy_herb']
1354,rice_paper,[1354],['rice_paper']
1355,rice_tofu,[1355],['rice_tofu']
1356,rice_vinegar,[1356],['rice_vinegar']
1357,rice_wine,[1357],['rice_wine']
1358,ricotta_cheese,[1358],['ricotta_cheese']
1359,ricotta_salata,[1359],['ricotta_salata']
1360,robiola_cheese,[1360],['robiola_cheese']
1361,rock_sugar,[1361],['rock_sugar']
1362,rock_tripe,[1362],['rock_tripe']
1363,rockfish,[1363],['rockfish']
1364,rocoto_pepper,[1364],['rocoto_pepper']
1365,romanesco,[1365],['romanesco']
1366,romano_cheese,[1366],['romano_cheese']
1367,romesco_sauce,[1367],['romesco_sauce']
1368,rompope,[1368],['rompope']
1369,rooibos_tea,[1369],['rooibos_tea']
1370,root_beer,[1370],['root_beer']
1371,roquefort_cheese,[1371],['roquefort_cheese']
1372,rose_syrup,[1372],['rose_syrup']
1373,rose_wine,[1373],['rose_wine']
1374,rosehip,[1374],['rosehip']
1375,rosemary,[1375],['rosemary']
1376,rosewater,[1376],['rosewater']
1377,roti,[1377],['roti']
1378,rouille,[1378],['rouille']
1379,roux,[1379],['roux']
1380,rowan_berry,[1380],['rowan_berry']
1381,royal_icing,[1381],['royal_icing']
1382,rum,[1382],['rum']
1383,rusk,[1383],['rusk']
1384,rutabaga,[1384],['rutabaga']
1385,ryazhenka,[1385],['ryazhenka']
1386,rye,[1386],['rye']
1387,rye_bread,[1387],['rye_bread']
1388,sachima,[1388],['sachima']
1389,safflower,[1389],['safflower']
1390,safflower_oil,[1390],['safflower_oil']
1391,saffron,[1391],['saffron']
1392,sage,[1392],['sage']
1393,sago,[1393],['sago']
1394,sake,[1394],['sake']
1395,salad_cream,[1395],['salad_cream']
1396,salad_dressing,[1396],['salad_dressing']
1397,salad_greens,[1397],['salad_greens']
1398,salam_leaf,[1398],['salam_leaf']
1399,salami,[1399],['salami']
1400,salep,[1400],['salep']
1401,salmon,[1401],['salmon']
1402,salmon_roe,[1402],['salmon_roe']
1403,salsa,[1403],['salsa']
1404,salsa_verde,[1404],['salsa_verde']
1405,salsify,[1405],['salsify']
1406,salt,[1406],['salt']
1407,salt_cod,[1407],['salt_cod']
1408,salt_pork,[1408],['salt_pork']
1409,salted_duck_egg,[1409],['salted_duck_egg']
1410,sambal,[1410],['sambal']
1411,sambal_oelek,[1411],['sambal_oelek']
1412,sambar_powder,[1412],['sambar_powder']
1413,sambuca,[1413],['sambuca']
1414,sand_ginger,[1414],['sand_ginger']
1415,sand_worm,[1415],['sand_worm']
1416,sangria,[1416],['sangria']
1417,sansho_pepper,[1417],['sansho_pepper']
1418,sanzi,[1418],['sanzi']
1419,sardine,[1419],['sardine']
1420,saskatoon_berry,[1420],['saskatoon_berry']
1421,sau_fruit,[1421],['sau_fruit']
1422,sauerkraut,[1422],['sauerkraut']
1423,sausage,[1423],['sausage']
1424,sauternes,[1424],['sauternes']
1425,savory,[1425],['savory']
1426,sazon,[1426],['sazon']
1427,scad,[1427],['scad']
1428,scallion,[1428],['scallion']
1429,scallion_oil,[1429],['scallion_oil']
1430,scallop,[1430],['scallop']
1431,scamorza,[1431],['scamorza']
1432,schisandra_berry,[1432],['schisandra_berry']
1433,schnapps,[1433],['schnapps']
1434,scotch_bonnet_pepper,[1434],['scotch_bonnet_pepper']
1435,sea_bass,[1435],['sea_bass']
1436,sea_bream,[1436],['sea_bream']
1437,sea_buckthorn,[1437],['sea_buckthorn']
1438,sea_coconut,[1438],['sea_coconut']
1439,sea_cucumber,[1439],['sea_cucumber']
1440,sea_grape,[1440],['sea_grape']
1441,sea_hare,[1441],['sea_hare']
1442,sea_lettuce,[1442],['sea_lettuce']
1443,sea_moss,[1443],['sea_moss']
1444,sea_snail,[1444],['sea_snail']
1445,sea_urchin,[1445],['sea_urchin']
1446,seafood,[1446],['seafood']
1447,seafood_sauce,[1447],['seafood_sauce']
1448,seafood_seasoning,[1448],['seafood_seasoning']
1449,seafood_stock,[1449],['seafood_stock']
1450,seasoning_sauce,[1450],['seasoning_sauce']
1451,seaweed,[1451],['seaweed']
1452,semolina,[1452],['semolina']
1453,senbei,[1453],['senbei']
1454,serrano_ham,[1454],['serrano_ham']
1455,serrano_pepper,[1455],['serrano_pepper']
1456,sesame_oil,[1456],['sesame_oil']
1457,sesame_paste,[1457],['sesame_paste']
1458,sesame_seed,[1458],['sesame_seed']
1459,sev,[1459],['sev']
1460,shacha_sauce,[1460],['shacha_sauce']
1461,shallot,[1461],['shallot']
1462,shaobing,[1462],['shaobing']
1463,shaoxing_wine,[1463],['shaoxing_wine']
1464,shark,[1464],['shark']
1465,shark_fin,[1465],['shark_fin']
1466,shellfish,[1466],['shellfish']
1467,shepherds_purse,[1467],['shepherds_purse']
1468,sherbet,[1468],['sherbet']
1469,sherry,[1469],['sherry']
1470,sherry_vinegar,[1470],['sherry_vinegar']
1471,shichimi_togarashi,[1471],['shichimi_togarashi']
1472,shiitake_mushroom,[1472],['shiitake_mushroom']
1473,shio_koji,[1473],['shio_koji']
1474,shirasu,[1474],['shirasu']
1475,shirataki_noodle,[1475],['shirataki_noodle']
1476,shochu,[1476],['shochu']
1477,shortcake,[1477],['shortcake']
1478,shortening,[1478],['shortening']
1479,shrimp,[1479],['shrimp']
1480,shrimp_mushroom,[1480],['shrimp_mushroom']
1481,shrimp_paste,[1481],['shrimp_paste']
1482,sichuan_peppercorn,[1482],['sichuan_peppercorn']
1483,silkworm_pupa,[1483],['silkworm_pupa']
1484,simit,[1484],['simit']
1485,skate,[1485],['skate']
1486,smelt,[1486],['smelt']
1487,smoked_cheese,[1487],['smoked_cheese']
1488,smoked_meat,[1488],['smoked_meat']
1489,smoked_paprika,[1489],['smoked_paprika']
1490,smoked_salmon,[1490],['smoked_salmon']
1491,smoked_salt,[1491],['smoked_salt']
1492,snail,[1492],['snail']
1493,snail_rice_noodle,[1493],['snail_rice_noodle']
1494,snake,[1494],['snake']
1495,snake_gourd,[1495],['snake_gourd']
1496,snakehead_fish,[1496],['snakehead_fish']
1497,snow_fungus,[1497],['snow_fungus']
1498,snow_pea,[1498],['snow_pea']
1499,snow_vegetable,[1499],['snow_vegetable']
1500,sobrasada,[1500],['sobrasada']
1501,sofrito,[1501],['sofrito']
1502,soju,[1502],['soju']
1503,sole,[1503],['sole']
1504,somen_noodle,[1504],['somen_noodle']
1505,soppressata,[1505],['soppressata']
1506,sorghum,[1506],['sorghum']
1507,sorghum_syrup,[1507],['sorghum_syrup']
1508,sorrel,[1508],['sorrel']
1509,sour_bamboo_shoot,[1509],['sour_bamboo_shoot']
1510,sour_broth,[1510],['sour_broth']
1511,sour_cream,[1511],['sour_cream']
1512,sour_mix,[1512],['sour_mix']
1513,soursop,[1513],['soursop']
1514,southern_comfort,[1514],['southern_comfort']
1515,soy_milk,[1515],['soy_milk']
1516,soy_protein_isolate,[1516],['soy_protein_isolate']
1517,soy_sauce,[1517],['soy_sauce']
1518,soy_yogurt,[1518],['soy_yogurt']
1519,soybean,[1519],['soybean']
1520,soybean_oil,[1520],['soybean_oil']
1521,soybean_paste,[1521],['soybean_paste']
1522,soybean_sprout,[1522],['soybean_sprout']
1523,spaetzle,[1523],['spaetzle']
1524,sparkling_water,[1524],['sparkling_water']
1525,sparkling_wine,[1525],['sparkling_wine']
1526,speck,[1526],['speck']
1527,speculoos_cookie,[1527],['speculoos_cookie']
1528,spelt,[1528],['spelt']
1529,spice_mix,[1529],['spice_mix']
1530,spinach,[1530],['spinach']
1531,spirulina,[1531],['spirulina']
1532,sponge_cake,[1532],['sponge_cake']
1533,sprat,[1533],['sprat']
1534,spring_roll,[1534],['spring_roll']
1535,spring_roll_wrapper,[1535],['spring_roll_wrapper']
1536,sprinkles,[1536],['sprinkles']
1537,squash,[1537],['squash']
1538,squash_blossom,[1538],['squash_blossom']
1539,squid,[1539],['squid']
1540,squid_ink,[1540],['squid_ink']
1541,squirrel,[1541],['squirrel']
1542,sriracha,[1542],['sriracha']
1543,ssamjang,[1543],['ssamjang']
1544,star_anise,[1544],['star_anise']
1545,starch,[1545],['starch']
1546,starfruit,[1546],['starfruit']
1547,steak_sauce,[1547],['steak_sauce']
1548,steamed_bun,[1548],['steamed_bun']
1549,stevia,[1549],['stevia']
1550,stilton_cheese,[1550],['stilton_cheese']
1551,stinky_mandarin_fish,[1551],['stinky_mandarin_fish']
1552,stinky_tofu,[1552],['stinky_tofu']
1553,stir_fry_sauce,[1553],['stir_fry_sauce']
1554,stout,[1554],['stout']
1555,stracchino_cheese,[1555],['stracchino_cheese']
1556,straw_mushroom,[1556],['straw_mushroom']
1557,strawberry,[1557],['strawberry']
1558,strega_liqueur,[1558],['strega_liqueur']
1559,sturgeon,[1559],['sturgeon']
1560,sucuk,[1560],['sucuk']
1561,suet,[1561],['suet']
1562,sugar,[1562],['sugar']
1563,sugar_snap_pea,[1563],['sugar_snap_pea']
1564,sugarcane,[1564],['sugarcane']
1565,sukiyaki_sauce,[1565],['sukiyaki_sauce']
1566,sulguni_cheese,[1566],['sulguni_cheese']
1567,sumac,[1567],['sumac']
1568,summer_sausage,[1568],['summer_sausage']
1569,sun_dried_tomato,[1569],['sun_dried_tomato']
1570,sunfish,[1570],['sunfish']
1571,sunflower_oil,[1571],['sunflower_oil']
1572,sunflower_seed,[1572],['sunflower_seed']
1573,superior_stock,[1573],['superior_stock']
1574,sushi_vinegar,[1574],['sushi_vinegar']
1575,sushki,[1575],['sushki']
1576,sweet_and_sour_sauce,[1576],['sweet_and_sour_sauce']
1577,sweet_bean_sauce,[1577],['sweet_bean_sauce']
1578,sweet_chili_sauce,[1578],['sweet_chili_sauce']
1579,sweet_potato,[1579],['sweet_potato']
1580,sweet_potato_leaf,[1580],['sweet_potato_leaf']
1581,sweet_potato_starch,[1581],['sweet_potato_starch']
1582,sweet_preserved_mustard_green,[1582],['sweet_preserved_mustard_green']
1583,sweet_roll,[1583],['sweet_roll']
1584,sweet_soy_sauce,[1584],['sweet_soy_sauce']
1585,sweet_vermouth,[1585],['sweet_vermouth']
1586,sweetbread,[1586],['sweetbread']
1587,swiss_chard,[1587],['swiss_chard']
1588,swiss_cheese,[1588],['swiss_cheese']
1589,swiss_roll,[1589],['swiss_roll']
1590,sword_bean,[1590],['sword_bean']
1591,swordfish,[1591],['swordfish']
1592,syrup,[1592],['syrup']
1593,ta_cai,[1593],['ta_cai']
1594,tabasco_pepper,[1594],['tabasco_pepper']
1595,taco_sauce,[1595],['taco_sauce']
1596,taco_seasoning,[1596],['taco_seasoning']
1597,taco_shell,[1597],['taco_shell']
1598,tahini,[1598],['tahini']
1599,tajin,[1599],['tajin']
1600,taleggio_cheese,[1600],['taleggio_cheese']
1601,tallow,[1601],['tallow']
1602,tamale,[1602],['tamale']
1603,tamari,[1603],['tamari']
1604,tamarillo,[1604],['tamarillo']
1605,tamarind,[1605],['tamarind']
1606,tandoori_masala,[1606],['tandoori_masala']
1607,tangelo,[1607],['tangelo']
1608,tangerine,[1608],['tangerine']
1609,tapenade,[1609],['tapenade']
1610,tapioca,[1610],['tapioca']
1611,tapioca_pearl,[1611],['tapioca_pearl']
1612,tarako,[1612],['tarako']
1613,tarhana,[1613],['tarhana']
1614,taro,[1614],['taro']
1615,taro_stem,[1615],['taro_stem']
1616,tarragon,[1616],['tarragon']
1617,tartar_sauce,[1617],['tartar_sauce']
1618,tasso,[1618],['tasso']
1619,tatsoi,[1619],['tatsoi']
1620,tauco,[1620],['tauco']
1621,tea,[1621],['tea']
1622,tea_tree_mushroom,[1622],['tea_tree_mushroom']
1623,teff,[1623],['teff']
1624,tempeh,[1624],['tempeh']
1625,tempura_flour,[1625],['tempura_flour']
1626,tenkasu,[1626],['tenkasu']
1627,tequila,[1627],['tequila']
1628,teriyaki_sauce,[1628],['teriyaki_sauce']
1629,termite_mushroom,[1629],['termite_mushroom']
1630,textured_soy_protein,[1630],['textured_soy_protein']
1631,thai_basil,[1631],['thai_basil']
1632,thai_tea,[1632],['thai_tea']
1633,thousand_island_dressing,[1633],['thousand_island_dressing']
1634,thyme,[1634],['thyme']
1635,tiger_milk_mushroom,[1635],['tiger_milk_mushroom']
1636,tikka_masala,[1636],['tikka_masala']
1637,tilapia,[1637],['tilapia']
1638,tkemali_sauce,[1638],['tkemali_sauce']
1639,toffee,[1639],['toffee']
1640,tofu,[1640],['tofu']
1641,tofu_pudding,[1641],['tofu_pudding']
1642,tofu_skin,[1642],['tofu_skin']
1643,tom_yum_paste,[1643],['tom_yum_paste']
1644,tomatillo,[1644],['tomatillo']
1645,tomato,[1645],['tomato']
1646,tonguefish,[1646],['tonguefish']
1647,tonic_water,[1647],['tonic_water']
1648,tonka_bean,[1648],['tonka_bean']
1649,tonkatsu_sauce,[1649],['tonkatsu_sauce']
1650,toor_dal,[1650],['toor_dal']
1651,topmouth_culter,[1651],['topmouth_culter']
1652,tortellini,[1652],['tortellini']
1653,tortilla,[1653],['tortilla']
1654,trehalose,[1654],['trehalose']
1655,triple_sec,[1655],['triple_sec']
1656,trout,[1656],['trout']
1657,truffle_oil,[1657],['truffle_oil']
1658,tsao_ko,[1658],['tsao_ko']
1659,tteokbokki_sauce,[1659],['tteokbokki_sauce']
1660,tulum_cheese,[1660],['tulum_cheese']
1661,tuna,[1661],['tuna']
1662,turbot,[1662],['turbot']
1663,turkey,[1663],['turkey']
1664,turkey_sausage,[1664],['turkey_sausage']
1665,turkey_stock,[1665],['turkey_stock']
1666,turkish_delight,[1666],['turkish_delight']
1667,turmeric,[1667],['turmeric']
1668,turmeric_leaf,[1668],['turmeric_leaf']
1669,turnip,[1669],['turnip']
1670,turnip_green,[1670],['turnip_green']
1671,turtle,[1671],['turtle']
1672,tzatziki,[1672],['tzatziki']
1673,udon_noodle,[1673],['udon_noodle']
1674,umami_sauce,[1674],['umami_sauce']
1675,ume,[1675],['ume']
1676,umeboshi,[1676],['umeboshi']
1677,umeboshi_vinegar,[1677],['umeboshi_vinegar']
1678,unagi_kabayaki,[1678],['unagi_kabayaki']
1679,unagi_sauce,[1679],['unagi_sauce']
1680,urad_dal,[1680],['urad_dal']
1681,utskho_suneli,[1681],['utskho_suneli']
1682,vadouvan,[1682],['vadouvan']
1683,vanilla,[1683],['vanilla']
1684,veal,[1684],['veal']
1685,vegemite,[1685],['vegemite']
1686,vegeta_seasoning,[1686],['vegeta_seasoning']
1687,vegetable_extract,[1687],['vegetable_extract']
1688,vegetable_juice,[1688],['vegetable_juice']
1689,vegetable_oil,[1689],['vegetable_oil']
1690,vegetable_puree,[1690],['vegetable_puree']
1691,vegetable_stock,[1691],['vegetable_stock']
1692,vegetarian_oyster_sauce,[1692],['vegetarian_oyster_sauce']
1693,velveeta_cheese,[1693],['velveeta_cheese']
1694,venison,[1694],['venison']
1695,verjuice,[1695],['verjuice']
1696,vermicelli,[1696],['vermicelli']
1697,vermouth,[1697],['vermouth']
1698,viburnum,[1698],['viburnum']
1699,vienna_sausage,[1699],['vienna_sausage']
1700,vietnamese_balm,[1700],['vietnamese_balm']
1701,vietnamese_coriander,[1701],['vietnamese_coriander']
1702,vietnamese_pork_roll,[1702],['vietnamese_pork_roll']
1703,vin_santo,[1703],['vin_santo']
1704,vinaigrette,[1704],['vinaigrette']
1705,vinegar,[1705],['vinegar']
1706,violet,[1706],['violet']
1707,vodka,[1707],['vodka']
1708,wafer,[1708],['wafer']
1709,waffle,[1709],['waffle']
1710,wakame,[1710],['wakame']
1711,walleye,[1711],['walleye']
1712,walnut,[1712],['walnut']
1713,walnut_oil,[1713],['walnut_oil']
1714,wampee,[1714],['wampee']
1715,wasabi,[1715],['wasabi']
1716,water,[1716],['water']
1717,water_bamboo,[1717],['water_bamboo']
1718,water_celery,[1718],['water_celery']
1719,water_chestnut,[1719],['water_chestnut']
1720,water_lily_flower,[1720],['water_lily_flower']
1721,water_mimosa,[1721],['water_mimosa']
1722,water_shield,[1722],['water_shield']
1723,water_spinach,[1723],['water_spinach']
1724,watercress,[1724],['watercress']
1725,watermelon,[1725],['watermelon']
1726,watermelon_radish,[1726],['watermelon_radish']
1727,wax_apple,[1727],['wax_apple']
1728,weipa,[1728],['weipa']
1729,wheat,[1729],['wheat']
1730,wheat_germ,[1730],['wheat_germ']
1731,wheat_gluten,[1731],['wheat_gluten']
1732,whelk,[1732],['whelk']
1733,whey,[1733],['whey']
1734,whipped_topping,[1734],['whipped_topping']
1735,whiskey,[1735],['whiskey']
1736,white_bean,[1736],['white_bean']
1737,white_chocolate,[1737],['white_chocolate']
1738,white_pepper,[1738],['white_pepper']
1739,white_soy_sauce,[1739],['white_soy_sauce']
1740,white_tea,[1740],['white_tea']
1741,white_truffle,[1741],['white_truffle']
1742,white_vinegar,[1742],['white_vinegar']
1743,white_wine,[1743],['white_wine']
1744,white_wine_vinegar,[1744],['white_wine_vinegar']
1745,whitebait,[1745],['whitebait']
1746,whitefish,[1746],['whitefish']
1747,whiting,[1747],['whiting']
1748,whole_wheat_flour,[1748],['whole_wheat_flour']
1749,wild_betel_leaf,[1749],['wild_betel_leaf']
1750,wild_boar,[1750],['wild_boar']
1751,wild_garlic,[1751],['wild_garlic']
1752,wild_ginger,[1752],['wild_ginger']
1753,wild_rice,[1753],['wild_rice']
1754,wine,[1754],['wine']
1755,wine_lees,[1755],['wine_lees']
1756,winged_bean,[1756],['winged_bean']
1757,winter_melon,[1757],['winter_melon']
1758,wintergreen,[1758],['wintergreen']
1759,wisteria_flower,[1759],['wisteria_flower']
1760,wolfberry_leaf,[1760],['wolfberry_leaf']
1761,wolffish,[1761],['wolffish']
1762,wonton,[1762],['wonton']
1763,wood_ear_mushroom,[1763],['wood_ear_mushroom']
1764,worcestershire_sauce,[1764],['worcestershire_sauce']
1765,wuchang_fish,[1765],['wuchang_fish']
1766,xanthan_gum,[1766],['xanthan_gum']
1767,xo_sauce,[1767],['xo_sauce']
1768,xylitol,[1768],['xylitol']
1769,yacon,[1769],['yacon']
1770,yak_meat,[1770],['yak_meat']
1771,yakiniku_sauce,[1771],['yakiniku_sauce']
1772,yakisoba_sauce,[1772],['yakisoba_sauce']
1773,yam,[1773],['yam']
1774,yard_long_bean,[1774],['yard_long_bean']
1775,yeast,[1775],['yeast']
1776,yellow_croaker,[1776],['yellow_croaker']
1777,yellow_curry_paste,[1777],['yellow_curry_paste']
1778,yibin_yacai,[1778],['yibin_yacai']
1779,yogurt,[1779],['yogurt']
1780,youtiao,[1780],['youtiao']
1781,yu_choy,[1781],['yu_choy']
1782,yufka,[1782],['yufka']
1783,yuzu,[1783],['yuzu']
1784,yuzu_kosho,[1784],['yuzu_kosho']
1785,zaatar,[1785],['zaatar']
1786,zao_lu,[1786],['zao_lu']
1787,zha_cai,[1787],['zha_cai']
1788,zhajiang_sauce,[1788],['zhajiang_sauce']
1789,zucchini,[1789],['zucchini']
1790,zucchini_flower,[1790],['zucchini_flower']
